﻿{ "DoorType":{
  "Metal Door": [
    {
      "Open": "1658",
      "Close": "1657"
    },
    {
      "Open": "1660",
      "Close": "1659"
    },
    {
      "Open": "1654",
      "Close": "1653"
    },
    {
      "Open": "1656",
      "Close": "1655"
    },
    {
      "Open": "1662",
      "Close": "1661"
    },
    {
      "Open": "1664",
      "Close": "1663"
    },
    {
      "Open": "1666",
      "Close": "1665"
    },
    {
      "Open": "1668",
      "Close": "1667"
    }
  ],
  "Metal Gate": [
    {
      "Open": "8178",
      "Close": "8177"
    },
    {
      "Open": "8180",
      "Close": "8179"
    },
    {
      "Open": "8174",
      "Close": "8173"
    },
    {
      "Open": "8176",
      "Close": "8175"
    },
    {
      "Open": "8182",
      "Close": "8181"
    },
    {
      "Open": "8184",
      "Close": "8183"
    },
    {
      "Open": "8186",
      "Close": "8185"
    },
    {
      "Open": "8188",
      "Close": "8187"
    }
  ],
  "Rattan Door": [
    {
      "Open": "1690",
      "Close": "1689"
    },
    {
      "Open": "1692",
      "Close": "1691"
    },
    {
      "Open": "1686",
      "Close": "1685"
    },
    {
      "Open": "1688",
      "Close": "1687"
    },
    {
      "Open": "1694",
      "Close": "1693"
    },
    {
      "Open": "1696",
      "Close": "1695"
    },
    {
      "Open": "1698",
      "Close": "1697"
    },
    {
      "Open": "1700",
      "Close": "1699"
    }
  ],
  "Dark Wood Door": [
    {
      "Open": "1706",
      "Close": "1705"
    },
    {
      "Open": "1708",
      "Close": "1707"
    },
    {
      "Open": "1702",
      "Close": "1701"
    },
    {
      "Open": "1704",
      "Close": "1703"
    },
    {
      "Open": "1710",
      "Close": "1709"
    },
    {
      "Open": "1712",
      "Close": "1711"
    },
    {
      "Open": "1714",
      "Close": "1713"
    },
    {
      "Open": "1716",
      "Close": "1715"
    }
  ],
  "Wood Door": [
    {
      "Open": "1722",
      "Close": "1721"
    },
    {
      "Open": "1724",
      "Close": "1723"
    },
    {
      "Open": "1718",
      "Close": "1717"
    },
    {
      "Open": "1720",
      "Close": "1719"
    },
    {
      "Open": "1726",
      "Close": "1725"
    },
    {
      "Open": "1728",
      "Close": "1727"
    },
    {
      "Open": "1730",
      "Close": "1729"
    },
    {
      "Open": "1732",
      "Close": "1731"
    }
  ],
  "Light Wood Door": [
    {
      "Open": "1754",
      "Close": "1753"
    },
    {
      "Open": "1756",
      "Close": "1755"
    },
    {
      "Open": "1750",
      "Close": "1749"
    },
    {
      "Open": "1752",
      "Close": "1751"
    },
    {
      "Open": "1758",
      "Close": "1757"
    },
    {
      "Open": "1760",
      "Close": "1759"
    },
    {
      "Open": "1762",
      "Close": "1761"
    },
    {
      "Open": "1764",
      "Close": "1763"
    }
  ],
  "Wood and Metal Door": [
    {
      "Open": "1770",
      "Close": "1769"
    },
    {
      "Open": "1772",
      "Close": "1771"
    },
    {
      "Open": "1766",
      "Close": "1765"
    },
    {
      "Open": "1768",
      "Close": "1767"
    },
    {
      "Open": "1774",
      "Close": "1773"
    },
    {
      "Open": "1776",
      "Close": "1775"
    },
    {
      "Open": "1778",
      "Close": "1777"
    },
    {
      "Open": "1780",
      "Close": "1779"
    }
  ],
  "Tall Wrought Iron Gate": [
    {
      "Open": "2089",
      "Close": "2088"
    },
    {
      "Open": "2091",
      "Close": "2090"
    },
    {
      "Open": "2085",
      "Close": "2084"
    },
    {
      "Open": "2087",
      "Close": "2086"
    },
    {
      "Open": "2093",
      "Close": "2092"
    },
    {
      "Open": "2095",
      "Close": "2094"
    },
    {
      "Open": "2097",
      "Close": "2096"
    },
    {
      "Open": "2099",
      "Close": "2098"
    }
  ],
  "Light Wood Gate": [
    {
      "Open": "2110",
      "Close": "2109"
    },
    {
      "Open": "2112",
      "Close": "2111"
    },
    {
      "Open": "2106",
      "Close": "2105"
    },
    {
      "Open": "2108",
      "Close": "2107"
    },
    {
      "Open": "2114",
      "Close": "2113"
    },
    {
      "Open": "2116",
      "Close": "2115"
    },
    {
      "Open": "2118",
      "Close": "2117"
    },
    {
      "Open": "2120",
      "Close": "2119"
    }
  ],
  "Short Wrought Iron Gate": [
    {
      "Open": "2129",
      "Close": "2128"
    },
    {
      "Open": "2131",
      "Close": "2130"
    },
    {
      "Open": "2125",
      "Close": "2124"
    },
    {
      "Open": "2127",
      "Close": "2126"
    },
    {
      "Open": "2133",
      "Close": "2132"
    },
    {
      "Open": "2135",
      "Close": "2134"
    },
    {
      "Open": "2137",
      "Close": "2136"
    },
    {
      "Open": "2139",
      "Close": "2138"
    }
  ],
  "Dark Wood Gate": [
    {
      "Open": "2155",
      "Close": "2154"
    },
    {
      "Open": "2157",
      "Close": "2156"
    },
    {
      "Open": "2151",
      "Close": "2150"
    },
    {
      "Open": "2153",
      "Close": "2152"
    },
    {
      "Open": "2159",
      "Close": "2158"
    },
    {
      "Open": "2161",
      "Close": "2160"
    },
    {
      "Open": "2163",
      "Close": "2162"
    },
    {
      "Open": "2165",
      "Close": "2164"
    }
  ],
  "Weathered Stone Secret Door": [
    {
      "Open": "809",
      "Close": "808"
    },
    {
      "Open": "811",
      "Close": "810"
    },
    {
      "Open": "805",
      "Close": "804"
    },
    {
      "Open": "807",
      "Close": "806"
    },
    {
      "Open": "813",
      "Close": "812"
    },
    {
      "Open": "815",
      "Close": "814"
    },
    {
      "Open": "817",
      "Close": "816"
    },
    {
      "Open": "819",
      "Close": "818"
    }
  ],
  "Dark Wood Secret Door": [
    {
      "Open": "825",
      "Close": "824"
    },
    {
      "Open": "827",
      "Close": "826"
    },
    {
      "Open": "821",
      "Close": "820"
    },
    {
      "Open": "823",
      "Close": "822"
    },
    {
      "Open": "829",
      "Close": "828"
    },
    {
      "Open": "831",
      "Close": "830"
    },
    {
      "Open": "833",
      "Close": "832"
    },
    {
      "Open": "835",
      "Close": "834"
    }
  ],
  "Light Wood Secret Door": [
    {
      "Open": "841",
      "Close": "840"
    },
    {
      "Open": "843",
      "Close": "842"
    },
    {
      "Open": "837",
      "Close": "836"
    },
    {
      "Open": "839",
      "Close": "838"
    },
    {
      "Open": "845",
      "Close": "844"
    },
    {
      "Open": "847",
      "Close": "846"
    },
    {
      "Open": "849",
      "Close": "848"
    },
    {
      "Open": "851",
      "Close": "850"
    }
  ],
  "Grey Stone Secret Door": [
    {
      "Open": "857",
      "Close": "856"
    },
    {
      "Open": "859",
      "Close": "858"
    },
    {
      "Open": "853",
      "Close": "852"
    },
    {
      "Open": "855",
      "Close": "854"
    },
    {
      "Open": "861",
      "Close": "860"
    },
    {
      "Open": "863",
      "Close": "862"
    },
    {
      "Open": "865",
      "Close": "864"
    },
    {
      "Open": "867",
      "Close": "866"
    }
  ],
  "Japanese Doors": [
    {
      "Open": "9252",
      "Close": "9251"
    },
    {
      "Open": "9248",
      "Close": "9247"
    }
  ],
  "Sliding Doors 1": [
    {
      "Open": "10768",
      "Close": "10767"
    },
    {
      "Open": "10766",
      "Close": "10765"
    },
    {
      "Open": "10772",
      "Close": "10771"
    },
    {
      "Open": "10770",
      "Close": "10769"
    }
  ],
  "Sliding Doors 2": [
    {
      "Open": "10760",
      "Close": "10759"
    },
    {
      "Open": "10758",
      "Close": "10757"
    },
    {
      "Open": "10764",
      "Close": "10763"
    },
    {
      "Open": "10762",
      "Close": "10761"
    }
  ],
  "Sliding Doors 3": [
    {
      "Open": "10776",
      "Close": "10775"
    },
    {
      "Open": "10774",
      "Close": "10773"
    },
    {
      "Open": "10780",
      "Close": "10779"
    },
    {
      "Open": "10778",
      "Close": "10777"
    }
  ],
  "Elvan Wood Door": [
    {
      "Open": "12719",
      "Close": "12718"
    },
    {
      "Open": "12717",
      "Close": "12716"
    },
    {
      "Open": "11593",
      "Close": "11592"
    },
    {
      "Open": "11591",
      "Close": "11590"
    }
  ],
  "Elvan White Wooden Door 1": [
    {
      "Open": "11622",
      "Close": "11621"
    },
    {
      "Open": "12705",
      "Close": "12704"
    },
    {
      "Open": "11620",
      "Close": "11619"
    },
    {
      "Open": "12707",
      "Close": "12706"
    }
  ],
  "Elvan Ornate Door": [
    {
      "Open": "11626",
      "Close": "11625"
    },
    {
      "Open": "12709",
      "Close": "12708"
    },
    {
      "Open": "11624",
      "Close": "11623"
    },
    {
      "Open": "12711",
      "Close": "12710"
    }
  ],
  "Elvan Kia Wood Door 2": [
    {
      "Open": "11630",
      "Close": "11629"
    },
    {
      "Open": "12715",
      "Close": "12714"
    },
    {
      "Open": "11628",
      "Close": "11627"
    },
    {
      "Open": "12713",
      "Close": "12712"
    }
  ],
  "Elvan Moon Door": [
    {
      "Open": "12261",
      "Close": "12260"
    },
    {
      "Open": "12701",
      "Close": "12700"
    },
    {
      "Open": "12259",
      "Close": "12258"
    },
    {
      "Open": "12703",
      "Close": "12702"
    }
  ],
  "Crystal Door": [
    {
      "Open": "13952",
      "Close": "13951"
    },
    {
      "Open": "13954",
      "Close": "13953"
    },
    {
      "Open": "13948",
      "Close": "13947"
    },
    {
      "Open": "13950",
      "Close": "13949"
    },
    {
      "Open": "13956",
      "Close": "13955"
    },
    {
      "Open": "13958",
      "Close": "13957"
    },
    {
      "Open": "13960",
      "Close": "13959"
    },
    {
      "Open": "13962",
      "Close": "13961"
    }
  ],
  "Shadow Door": [
    {
      "Open": "13968",
      "Close": "13967"
    },
    {
      "Open": "13970",
      "Close": "13969"
    },
    {
      "Open": "13964",
      "Close": "13963"
    },
    {
      "Open": "13966",
      "Close": "13965"
    },
    {
      "Open": "13972",
      "Close": "13971"
    },
    {
      "Open": "13974",
      "Close": "13973"
    },
    {
      "Open": "13976",
      "Close": "13975"
    },
    {
      "Open": "13978",
      "Close": "13977"
    }
  ],
  "Gargish Carved Green Door": [
    {
      "Open": "16540",
      "Close": "16539"
    },
    {
      "Open": "16542",
      "Close": "16541"
    },
    {
      "Open": "16544",
      "Close": "16543"
    },
    {
      "Open": "16546",
      "Close": "16545"
    }
  ],
  "Gargish Brown Door": [
    {
      "Open": "16653",
      "Close": "16652"
    },
    {
      "Open": "16655",
      "Close": "16654"
    },
    {
      "Open": "16657",
      "Close": "16656"
    },
    {
      "Open": "16659",
      "Close": "16658"
    }
  ],
  "Sun Door": [
    {
      "Open": "16835",
      "Close": "16834"
    },
    {
      "Open": "16837",
      "Close": "16836"
    },
    {
      "Open": "16839",
      "Close": "16838"
    },
    {
      "Open": "16841",
      "Close": "16840"
    }
  ],
  "Gargish Grey Door": [
    {
      "Open": "16848",
      "Close": "16847"
    },
    {
      "Open": "16850",
      "Close": "16849"
    },
    {
      "Open": "16852",
      "Close": "16851"
    },
    {
      "Open": "16854",
      "Close": "16853"
    }
  ],
  "Gargish Set Door": [
    {
      "Open": "17263",
      "Close": "17262"
    },
    {
      "Open": "17265",
      "Close": "17264"
    },
    {
      "Open": "17267",
      "Close": "17266"
    },
    {
      "Open": "17269",
      "Close": "17268"
    },
    {
      "Open": "17271",
      "Close": "17270"
    },
    {
      "Open": "17273",
      "Close": "17272"
    },
    {
      "Open": "17275",
      "Close": "17274"
    },
    {
      "Open": "17277",
      "Close": "17276"
    }
  ],
  "Ruined Door": [
    {
      "Open": "18142",
      "Close": "18141"
    },
    {
      "Open": "18144",
      "Close": "18143"
    },
    {
      "Open": "18146",
      "Close": "18145"
    },
    {
      "Open": "18148",
      "Close": "18147"
    }
  ],
  "Gargish Blue Door": [
    {
      "Open": "19747",
      "Close": "19746"
    },
    {
      "Open": "19749",
      "Close": "19748"
    },
    {
      "Open": "19751",
      "Close": "19750"
    },
    {
      "Open": "19753",
      "Close": "19752"
    }
  ],
  "Gargish Red Doors": [
    {
      "Open": "20681",
      "Close": "20680"
    },
    {
      "Open": "20683",
      "Close": "20682"
    },
    {
      "Open": "20689",
      "Close": "20688"
    },
    {
      "Open": "20691",
      "Close": "20690"
    },
    {
      "Open": "20685",
      "Close": "20684"
    },
    {
      "Open": "20687",
      "Close": "20686"
    },
    {
      "Open": "20693",
      "Close": "20692"
    },
    {
      "Open": "20695",
      "Close": "20694"
    }
  ],
  "Gargish Prison Door": [
    {
      "Open": "20803",
      "Close": "20802"
    },
    {
      "Open": "20805",
      "Close": "20804"
    },
    {
      "Open": "20807",
      "Close": "20806"
    },
    {
      "Open": "20809",
      "Close": "20808"
    }
  ],
  "Metal Doors (Dungeon)": [
    {
      "Open": "1738",
      "Close": "1737"
    },
    {
      "Open": "1740",
      "Close": "1739"
    },
    {
      "Open": "1734",
      "Close": "1733"
    },
    {
      "Open": "1736",
      "Close": "1735"
    },
    {
      "Open": "1742",
      "Close": "1741"
    },
    {
      "Open": "1744",
      "Close": "1743"
    },
    {
      "Open": "1746",
      "Close": "1745"
    },
    {
      "Open": "1748",
      "Close": "1747"
    }
  ],
  "Hidden Door (brick)": [
    {
      "Open": "793",
      "Close": "792"
    },
    {
      "Open": "795",
      "Close": "794"
    },
    {
      "Open": "789",
      "Close": "788"
    },
    {
      "Open": "791",
      "Close": "790"
    },
    {
      "Open": "797",
      "Close": "796"
    },
    {
      "Open": "799",
      "Close": "798"
    },
    {
      "Open": "801",
      "Close": "800"
    },
    {
      "Open": "803",
      "Close": "802"
    }
  ],
  "Barred Metal Gate": [
    {
      "Open": "1674",
      "Close": "1673"
    },
    {
      "Open": "1676",
      "Close": "1675"
    },
    {
      "Open": "1670",
      "Close": "1669"
    },
    {
      "Open": "1672",
      "Close": "1671"
    },
    {
      "Open": "1678",
      "Close": "1677"
    },
    {
      "Open": "1680",
      "Close": "1679"
    },
    {
      "Open": "1682",
      "Close": "1681"
    },
    {
      "Open": "1684",
      "Close": "1683"
    }
  ],
  "Portcullis": [
    {
      "Open": "1782",
      "Close": "1781"
    },
    {
      "Open": "1783",
      "Close": "1782"
    }
  ]
  }
}
