﻿{
  "Trammel": {
    "Towns": {
      "Heartwood": [
        {
          "X": "6911",
          "Y": "255",
          "Z": "0",
          "Width": "257",
          "Height": "257"
        }
      ],
      "Cove": [
        {
          "X": "2200",
          "Y": "1110",
          "Z": "0",
          "Width": "50",
          "Height": "50"
        },
        {
          "X": "2200",
          "Y": "1160",
          "Z": "0",
          "Width": "86",
          "Height": "86"
        }
      ],
      "Britain": [
        {
          "X": "1416",
          "Y": "1498",
          "Z": "-10",
          "Width": "324",
          "Height": "279"
        },
        {
          "X": "1500",
          "Y": "1408",
          "Z": "0",
          "Width": "46",
          "Height": "90"
        },
        {
          "X": "1385",
          "Y": "1538",
          "Z": "-10",
          "Width": "31",
          "Height": "239"
        },
        {
          "X": "1416",
          "Y": "1777",
          "Z": "0",
          "Width": "324",
          "Height": "60"
        },
        {
          "X": "1385",
          "Y": "1777",
          "Z": "0",
          "Width": "31",
          "Height": "130"
        },
        {
          "X": "1093",
          "Y": "1538",
          "Z": "0",
          "Width": "292",
          "Height": "369"
        },
        {
          "X": "1492",
          "Y": "1602",
          "Z": "0",
          "Width": "8",
          "Height": "19"
        },
        {
          "X": "1500",
          "Y": "1610",
          "Z": "0",
          "Width": "8",
          "Height": "16"
        },
        {
          "X": "1576",
          "Y": "1584",
          "Z": "0",
          "Width": "24",
          "Height": "16"
        },
        {
          "X": "1456",
          "Y": "1512",
          "Z": "0",
          "Width": "16",
          "Height": "16"
        },
        {
          "X": "1472",
          "Y": "1512",
          "Z": "0",
          "Width": "8",
          "Height": "8"
        },
        {
          "X": "1424",
          "Y": "1712",
          "Z": "0",
          "Width": "8",
          "Height": "24"
        },
        {
          "X": "1432",
          "Y": "1712",
          "Z": "0",
          "Width": "8",
          "Height": "12"
        },
        {
          "X": "1486",
          "Y": "1684",
          "Z": "0",
          "Width": "8",
          "Height": "8"
        },
        {
          "X": "1494",
          "Y": "1676",
          "Z": "0",
          "Width": "8",
          "Height": "24"
        },
        {
          "X": "1608",
          "Y": "1584",
          "Z": "0",
          "Width": "24",
          "Height": "8"
        },
        {
          "X": "1616",
          "Y": "1576",
          "Z": "0",
          "Width": "8",
          "Height": "8"
        },
        {
          "X": "1544",
          "Y": "1760",
          "Z": "0",
          "Width": "16",
          "Height": "16"
        },
        {
          "X": "1560",
          "Y": "1760",
          "Z": "0",
          "Width": "8",
          "Height": "8"
        }
      ],
      "A Wheatfield in Britain 1": [
        {
          "X": "1120",
          "Y": "1776",
          "Z": "0",
          "Width": "32",
          "Height": "32"
        }
      ],
      "A Wheatfield in Britain 2": [
        {
          "X": "1184",
          "Y": "1808",
          "Z": "0",
          "Width": "32",
          "Height": "32"
        }
      ],
      "A Wheatfield in Britain 3": [
        {
          "X": "1216",
          "Y": "1872",
          "Z": "0",
          "Width": "32",
          "Height": "32"
        }
      ],
      "A Carrot Field in Britain 1": [
        {
          "X": "1208",
          "Y": "1712",
          "Z": "0",
          "Width": "16",
          "Height": "24"
        }
      ],
      "An Onion Field in Britain 1": [
        {
          "X": "1224",
          "Y": "1712",
          "Z": "0",
          "Width": "16",
          "Height": "24"
        }
      ],
      "A Cabbage Field in Britain 1": [
        {
          "X": "1176",
          "Y": "1672",
          "Z": "0",
          "Width": "16",
          "Height": "23"
        }
      ],
      "A Turnip Field in Britain 1": [
        {
          "X": "1192",
          "Y": "1672",
          "Z": "0",
          "Width": "16",
          "Height": "24"
        }
      ],
      "A Wheatfield in Britain 4": [
        {
          "X": "1104",
          "Y": "1608",
          "Z": "0",
          "Width": "32",
          "Height": "32"
        }
      ],
      "A Wheatfield in Britain 5": [
        {
          "X": "1136",
          "Y": "1560",
          "Z": "0",
          "Width": "32",
          "Height": "32"
        }
      ],
      "A Turnip Field in Britain 2": [
        {
          "X": "1208",
          "Y": "1592",
          "Z": "0",
          "Width": "16",
          "Height": "24"
        }
      ],
      "A Carrot Field in Britain 2": [
        {
          "X": "1224",
          "Y": "1592",
          "Z": "0",
          "Width": "16",
          "Height": "24"
        }
      ],
      "Jhelom": [
        {
          "X": "1303",
          "Y": "3670",
          "Z": "0",
          "Width": "189",
          "Height": "225"
        },
        {
          "X": "1338",
          "Y": "3895",
          "Z": "0",
          "Width": "74",
          "Height": "28"
        },
        {
          "X": "1383",
          "Y": "3951",
          "Z": "0",
          "Width": "109",
          "Height": "94"
        },
        {
          "X": "1352",
          "Y": "3800",
          "Z": "0",
          "Width": "16",
          "Height": "32"
        },
        {
          "X": "1368",
          "Y": "3808",
          "Z": "0",
          "Width": "8",
          "Height": "16"
        },
        {
          "X": "1432",
          "Y": "3768",
          "Z": "0",
          "Width": "32",
          "Height": "8"
        },
        {
          "X": "1440",
          "Y": "3776",
          "Z": "0",
          "Width": "24",
          "Height": "8"
        }
      ],
      "Minoc": [
        {
          "X": "2411",
          "Y": "366",
          "Z": "0",
          "Width": "135",
          "Height": "241"
        },
        {
          "X": "2548",
          "Y": "495",
          "Z": "0",
          "Width": "72",
          "Height": "55"
        },
        {
          "X": "2564",
          "Y": "585",
          "Z": "0",
          "Width": "3",
          "Height": "42"
        },
        {
          "X": "2567",
          "Y": "585",
          "Z": "0",
          "Width": "61",
          "Height": "61"
        },
        {
          "X": "2499",
          "Y": "627",
          "Z": "0",
          "Width": "68",
          "Height": "63"
        },
        {
          "X": "2457",
          "Y": "397",
          "Z": "0",
          "Width": "40",
          "Height": "8"
        },
        {
          "X": "2465",
          "Y": "405",
          "Z": "0",
          "Width": "8",
          "Height": "8"
        },
        {
          "X": "2481",
          "Y": "405",
          "Z": "0",
          "Width": "8",
          "Height": "8"
        }
      ],
      "New Haven": [
        {
          "X": "3423",
          "Y": "2480",
          "Z": "0",
          "Width": "111",
          "Height": "143"
        }
      ],
      "Gentle Rest Inn": [
        {
          "X": "3493",
          "Y": "2513",
          "Z": "0",
          "Width": "10",
          "Height": "10"
        },
        {
          "X": "3503",
          "Y": "2513",
          "Z": "0",
          "Width": "7",
          "Height": "17"
        }
      ],
      "Trinsic": [
        {
          "X": "1856",
          "Y": "2636",
          "Z": "0",
          "Width": "75",
          "Height": "28"
        },
        {
          "X": "1816",
          "Y": "2664",
          "Z": "0",
          "Width": "283",
          "Height": "231"
        },
        {
          "X": "2099",
          "Y": "2782",
          "Z": "0",
          "Width": "18",
          "Height": "25"
        },
        {
          "X": "1970",
          "Y": "2895",
          "Z": "0",
          "Width": "47",
          "Height": "32"
        },
        {
          "X": "1796",
          "Y": "2696",
          "Z": "0",
          "Width": "20",
          "Height": "67"
        },
        {
          "X": "1800",
          "Y": "2796",
          "Z": "0",
          "Width": "16",
          "Height": "52"
        },
        {
          "X": "1834",
          "Y": "2728",
          "Z": "0",
          "Width": "22",
          "Height": "16"
        },
        {
          "X": "2024",
          "Y": "2784",
          "Z": "0",
          "Width": "16",
          "Height": "20"
        },
        {
          "X": "2026",
          "Y": "2804",
          "Z": "0",
          "Width": "14",
          "Height": "2"
        },
        {
          "X": "2024",
          "Y": "2806",
          "Z": "0",
          "Width": "16",
          "Height": "7"
        },
        {
          "X": "1923",
          "Y": "2786",
          "Z": "0",
          "Width": "12",
          "Height": "22"
        },
        {
          "X": "1935",
          "Y": "2786",
          "Z": "0",
          "Width": "7",
          "Height": "14"
        }
      ],
      "Vesper": [
        {
          "X": "2893",
          "Y": "598",
          "Z": "0",
          "Width": "121",
          "Height": "50"
        },
        {
          "X": "2816",
          "Y": "648",
          "Z": "0",
          "Width": "249",
          "Height": "365"
        },
        {
          "X": "2734",
          "Y": "944",
          "Z": "0",
          "Width": "82",
          "Height": "4"
        },
        {
          "X": "2728",
          "Y": "948",
          "Z": "0",
          "Width": "88",
          "Height": "53"
        },
        {
          "X": "2952",
          "Y": "864",
          "Z": "0",
          "Width": "16",
          "Height": "32"
        },
        {
          "X": "2968",
          "Y": "872",
          "Z": "0",
          "Width": "8",
          "Height": "16"
        },
        {
          "X": "2776",
          "Y": "952",
          "Z": "0",
          "Width": "16",
          "Height": "32"
        },
        {
          "X": "2768",
          "Y": "960",
          "Z": "0",
          "Width": "8",
          "Height": "16"
        },
        {
          "X": "2892",
          "Y": "901",
          "Z": "0",
          "Width": "16",
          "Height": "19"
        },
        {
          "X": "2908",
          "Y": "904",
          "Z": "0",
          "Width": "8",
          "Height": "8"
        }
      ],
      "Yew": [
        {
          "X": "92",
          "Y": "656",
          "Z": "0",
          "Width": "349",
          "Height": "225"
        },
        {
          "X": "441",
          "Y": "746",
          "Z": "0",
          "Width": "216",
          "Height": "135"
        },
        {
          "X": "258",
          "Y": "881",
          "Z": "0",
          "Width": "399",
          "Height": "380"
        },
        {
          "X": "657",
          "Y": "922",
          "Z": "0",
          "Width": "42",
          "Height": "307"
        },
        {
          "X": "657",
          "Y": "806",
          "Z": "0",
          "Width": "17",
          "Height": "28"
        },
        {
          "X": "718",
          "Y": "874",
          "Z": "0",
          "Width": "38",
          "Height": "22"
        },
        {
          "X": "600",
          "Y": "808",
          "Z": "0",
          "Width": "24",
          "Height": "24"
        }
      ],
      "A Field of Sheep in Yew 1": [
        {
          "X": "664",
          "Y": "928",
          "Z": "0",
          "Width": "22",
          "Height": "22"
        }
      ],
      "A Field of Sheep in Yew 2": [
        {
          "X": "664",
          "Y": "1168",
          "Z": "0",
          "Width": "22",
          "Height": "22"
        }
      ],
      "A Farm in Yew": [
        {
          "X": "560",
          "Y": "1088",
          "Z": "0",
          "Width": "22",
          "Height": "22"
        }
      ],
      "A Wheatfield in Yew 1": [
        {
          "X": "560",
          "Y": "1232",
          "Z": "0",
          "Width": "16",
          "Height": "16"
        }
      ],
      "A Wheatfield in Yew 2": [
        {
          "X": "368",
          "Y": "1176",
          "Z": "0",
          "Width": "14",
          "Height": "32"
        }
      ],
      "Wind": [
        {
          "X": "5294",
          "Y": "19",
          "Z": "0",
          "Width": "72",
          "Height": "120"
        },
        {
          "X": "5132",
          "Y": "58",
          "Z": "0",
          "Width": "81",
          "Height": "68"
        },
        {
          "X": "5197",
          "Y": "126",
          "Z": "0",
          "Width": "55",
          "Height": "78"
        },
        {
          "X": "5132",
          "Y": "3",
          "Z": "0",
          "Width": "70",
          "Height": "55"
        },
        {
          "X": "5252",
          "Y": "112",
          "Z": "0",
          "Width": "42",
          "Height": "58"
        },
        {
          "X": "5213",
          "Y": "98",
          "Z": "0",
          "Width": "39",
          "Height": "28"
        },
        {
          "X": "5279",
          "Y": "57",
          "Z": "0",
          "Width": "15",
          "Height": "55"
        },
        {
          "X": "5252",
          "Y": "170",
          "Z": "0",
          "Width": "32",
          "Height": "8"
        },
        {
          "X": "5286",
          "Y": "25",
          "Z": "0",
          "Width": "8",
          "Height": "32"
        },
        {
          "X": "5252",
          "Y": "178",
          "Z": "0",
          "Width": "20",
          "Height": "5"
        },
        {
          "X": "5252",
          "Y": "183",
          "Z": "0",
          "Width": "10",
          "Height": "10"
        },
        {
          "X": "5159",
          "Y": "15",
          "Z": "0",
          "Width": "25",
          "Height": "9"
        },
        {
          "X": "5159",
          "Y": "24",
          "Z": "0",
          "Width": "9",
          "Height": "16"
        },
        {
          "X": "5175",
          "Y": "24",
          "Z": "0",
          "Width": "9",
          "Height": "8"
        },
        {
          "X": "5212",
          "Y": "159",
          "Z": "0",
          "Width": "9",
          "Height": "24"
        },
        {
          "X": "5221",
          "Y": "171",
          "Z": "0",
          "Width": "7",
          "Height": "12"
        },
        {
          "X": "5206",
          "Y": "164",
          "Z": "0",
          "Width": "6",
          "Height": "15"
        },
        {
          "X": "5303",
          "Y": "28",
          "Z": "0",
          "Width": "16",
          "Height": "14"
        }
      ],
      "Serpent's Hold": [
        {
          "X": "2868",
          "Y": "3324",
          "Z": "0",
          "Width": "205",
          "Height": "195"
        },
        {
          "X": "2960",
          "Y": "3400",
          "Z": "0",
          "Width": "16",
          "Height": "16"
        },
        {
          "X": "2968",
          "Y": "3416",
          "Z": "0",
          "Width": "8",
          "Height": "16"
        },
        {
          "X": "3008",
          "Y": "3450",
          "Z": "0",
          "Width": "14",
          "Height": "14"
        }
      ],
      "Skara Brae": [
        {
          "X": "538",
          "Y": "2107",
          "Z": "0",
          "Width": "150",
          "Height": "190"
        },
        {
          "X": "600",
          "Y": "2232",
          "Z": "0",
          "Width": "16",
          "Height": "24"
        },
        {
          "X": "592",
          "Y": "2240",
          "Z": "0",
          "Width": "8",
          "Height": "16"
        },
        {
          "X": "616",
          "Y": "2240",
          "Z": "0",
          "Width": "8",
          "Height": "16"
        },
        {
          "X": "552",
          "Y": "2168",
          "Z": "0",
          "Width": "16",
          "Height": "24"
        },
        {
          "X": "568",
          "Y": "2168",
          "Z": "0",
          "Width": "8",
          "Height": "8"
        }
      ],
      "Nujel'm": [
        {
          "X": "3475",
          "Y": "1000",
          "Z": "0",
          "Width": "360",
          "Height": "435"
        },
        {
          "X": "3736",
          "Y": "1184",
          "Z": "0",
          "Width": "16",
          "Height": "23"
        },
        {
          "X": "3728",
          "Y": "1192",
          "Z": "0",
          "Width": "8",
          "Height": "15"
        },
        {
          "X": "3728",
          "Y": "1288",
          "Z": "0",
          "Width": "23",
          "Height": "15"
        },
        {
          "X": "3728",
          "Y": "1303",
          "Z": "0",
          "Width": "16",
          "Height": "9"
        },
        {
          "X": "3728",
          "Y": "1312",
          "Z": "0",
          "Width": "12",
          "Height": "8"
        },
        {
          "X": "3728",
          "Y": "1320",
          "Z": "0",
          "Width": "16",
          "Height": "23"
        },
        {
          "X": "3744",
          "Y": "1328",
          "Z": "0",
          "Width": "7",
          "Height": "15"
        },
        {
          "X": "3760",
          "Y": "1216",
          "Z": "0",
          "Width": "12",
          "Height": "24"
        },
        {
          "X": "3772",
          "Y": "1220",
          "Z": "0",
          "Width": "4",
          "Height": "16"
        },
        {
          "X": "3776",
          "Y": "1224",
          "Z": "0",
          "Width": "8",
          "Height": "8"
        },
        {
          "X": "3728",
          "Y": "1248",
          "Z": "0",
          "Width": "16",
          "Height": "24"
        },
        {
          "X": "3744",
          "Y": "1248",
          "Z": "0",
          "Width": "8",
          "Height": "8"
        },
        {
          "X": "3744",
          "Y": "1264",
          "Z": "0",
          "Width": "8",
          "Height": "8"
        }
      ],
      "Moonglow": [
        {
          "X": "4535",
          "Y": "844",
          "Z": "0",
          "Width": "20",
          "Height": "3"
        },
        {
          "X": "4530",
          "Y": "847",
          "Z": "0",
          "Width": "31",
          "Height": "61"
        },
        {
          "X": "4521",
          "Y": "914",
          "Z": "0",
          "Width": "56",
          "Height": "49"
        },
        {
          "X": "4278",
          "Y": "915",
          "Z": "0",
          "Width": "54",
          "Height": "19"
        },
        {
          "X": "4283",
          "Y": "944",
          "Z": "0",
          "Width": "53",
          "Height": "73"
        },
        {
          "X": "4377",
          "Y": "1015",
          "Z": "-10",
          "Width": "59",
          "Height": "37"
        },
        {
          "X": "4367",
          "Y": "1050",
          "Z": "0",
          "Width": "142",
          "Height": "145"
        },
        {
          "X": "4539",
          "Y": "1036",
          "Z": "0",
          "Width": "27",
          "Height": "18"
        },
        {
          "X": "4517",
          "Y": "1053",
          "Z": "0",
          "Width": "23",
          "Height": "22"
        },
        {
          "X": "4389",
          "Y": "1198",
          "Z": "0",
          "Width": "47",
          "Height": "39"
        },
        {
          "X": "4466",
          "Y": "1211",
          "Z": "0",
          "Width": "32",
          "Height": "25"
        },
        {
          "X": "4700",
          "Y": "1108",
          "Z": "0",
          "Width": "17",
          "Height": "18"
        },
        {
          "X": "4656",
          "Y": "1127",
          "Z": "0",
          "Width": "26",
          "Height": "13"
        },
        {
          "X": "4678",
          "Y": "1162",
          "Z": "0",
          "Width": "25",
          "Height": "25"
        },
        {
          "X": "4613",
          "Y": "1196",
          "Z": "0",
          "Width": "23",
          "Height": "22"
        },
        {
          "X": "4646",
          "Y": "1212",
          "Z": "0",
          "Width": "14",
          "Height": "17"
        },
        {
          "X": "4677",
          "Y": "1214",
          "Z": "0",
          "Width": "26",
          "Height": "22"
        },
        {
          "X": "4622",
          "Y": "1316",
          "Z": "0",
          "Width": "22",
          "Height": "24"
        },
        {
          "X": "4487",
          "Y": "1353",
          "Z": "0",
          "Width": "59",
          "Height": "21"
        },
        {
          "X": "4477",
          "Y": "1374",
          "Z": "0",
          "Width": "69",
          "Height": "35"
        },
        {
          "X": "4659",
          "Y": "1387",
          "Z": "0",
          "Width": "40",
          "Height": "40"
        },
        {
          "X": "4549",
          "Y": "1482",
          "Z": "0",
          "Width": "29",
          "Height": "27"
        },
        {
          "X": "4405",
          "Y": "1451",
          "Z": "0",
          "Width": "23",
          "Height": "23"
        },
        {
          "X": "4483",
          "Y": "1468",
          "Z": "0",
          "Width": "21",
          "Height": "13"
        }
      ],
      "The Scholar's Inn": [
        {
          "X": "4384",
          "Y": "1152",
          "Z": "0",
          "Width": "8",
          "Height": "24"
        },
        {
          "X": "4392",
          "Y": "1160",
          "Z": "0",
          "Width": "16",
          "Height": "8"
        },
        {
          "X": "4400",
          "Y": "1152",
          "Z": "0",
          "Width": "8",
          "Height": "8"
        },
        {
          "X": "4480",
          "Y": "1056",
          "Z": "0",
          "Width": "8",
          "Height": "16"
        },
        {
          "X": "4488",
          "Y": "1060",
          "Z": "0",
          "Width": "4",
          "Height": "8"
        },
        {
          "X": "4476",
          "Y": "1060",
          "Z": "0",
          "Width": "4",
          "Height": "8"
        }
      ],
      "Magincia": [
        {
          "X": "3653",
          "Y": "2046",
          "Z": "0",
          "Width": "27",
          "Height": "48"
        },
        {
          "X": "3752",
          "Y": "2046",
          "Z": "0",
          "Width": "52",
          "Height": "48"
        },
        {
          "X": "3680",
          "Y": "2045",
          "Z": "0",
          "Width": "72",
          "Height": "49"
        },
        {
          "X": "3652",
          "Y": "2094",
          "Z": "0",
          "Width": "160",
          "Height": "180"
        },
        {
          "X": "3649",
          "Y": "2256",
          "Z": "0",
          "Width": "54",
          "Height": "47"
        },
        {
          "X": "3680",
          "Y": "2152",
          "Z": "0",
          "Width": "24",
          "Height": "8"
        },
        {
          "X": "3720",
          "Y": "2216",
          "Z": "0",
          "Width": "16",
          "Height": "16"
        }
      ],
      "Buccaneer's Den": [
        {
          "X": "2612",
          "Y": "2057",
          "Z": "0",
          "Width": "164",
          "Height": "210",
          "Guards": "false"
        },
        {
          "X": "2604",
          "Y": "2065",
          "Z": "0",
          "Width": "8",
          "Height": "189",
          "Guards": "false"
        },
        {
          "X": "2712",
          "Y": "2080",
          "Z": "0",
          "Width": "16",
          "Height": "16",
          "Guards": "false"
        },
        {
          "X": "2712",
          "Y": "2096",
          "Z": "0",
          "Width": "8",
          "Height": "8",
          "Guards": "false"
        },
        {
          "X": "2664",
          "Y": "2232",
          "Z": "0",
          "Width": "24",
          "Height": "8",
          "Guards": "false"
        },
        {
          "X": "2672",
          "Y": "2240",
          "Z": "0",
          "Width": "16",
          "Height": "8",
          "Guards": "false"
        }
      ],
      "Delucia": [
        {
          "X": "5123",
          "Y": "3942",
          "Z": "0",
          "Width": "192",
          "Height": "122",
          "Guards": "false"
        },
        {
          "X": "5147",
          "Y": "4064",
          "Z": "0",
          "Width": "125",
          "Height": "20",
          "Guards": "false"
        },
        {
          "X": "5235",
          "Y": "3930",
          "Z": "0",
          "Width": "80",
          "Height": "12",
          "Guards": "false"
        },
        {
          "X": "5194",
          "Y": "4053",
          "Z": "0",
          "Width": "10",
          "Height": "20",
          "Guards": "false"
        }
      ],
      "Papua": [
        {
          "X": "5639",
          "Y": "3095",
          "Z": "0",
          "Width": "192",
          "Height": "223",
          "Guards": "false"
        },
        {
          "X": "5831",
          "Y": "3237",
          "Z": "0",
          "Width": "20",
          "Height": "30",
          "Guards": "false"
        },
        {
          "X": "5757",
          "Y": "3150",
          "Z": "0",
          "Width": "24",
          "Height": "24",
          "Guards": "false"
        }
      ]
    },
    "Dungeons": {
      "Sanctuary": [
        {
          "X": "6144",
          "Y": "0",
          "Z": "0",
          "Width": "255",
          "Height": "255"
        }
      ],
      "Painted Caves": [
        {
          "X": "6240",
          "Y": "850",
          "Z": "0",
          "Width": "75",
          "Height": "70"
        }
      ],
      "Prism of Light": [
        {
          "X": "6400",
          "Y": "0",
          "Z": "0",
          "Width": "221",
          "Height": "255"
        }
      ],
      "Blighted Grove": [
        {
          "X": "6440",
          "Y": "820",
          "Z": "0",
          "Width": "160",
          "Height": "150"
        }
      ],
      "Palace of Paroxysmus": [
        {
          "X": "6191",
          "Y": "311",
          "Z": "0",
          "Width": "370",
          "Height": "360"
        }
      ],
      "Covetous": [
        {
          "X": "5376",
          "Y": "1793",
          "Z": "0",
          "Width": "201",
          "Height": "255"
        },
        {
          "X": "5576",
          "Y": "1791",
          "Z": "0",
          "Width": "57",
          "Height": "257"
        }
      ],
      "Deceit": [
        {
          "X": "5122",
          "Y": "518",
          "Z": "0",
          "Width": "248",
          "Height": "252"
        }
      ],
      "Despise": [
        {
          "X": "5377",
          "Y": "516",
          "Z": "0",
          "Width": "254",
          "Height": "506"
        }
      ],
      "Destard": [
        {
          "X": "5120",
          "Y": "770",
          "Z": "0",
          "Width": "251",
          "Height": "258"
        }
      ],
      "Hythloth": [
        {
          "X": "5898",
          "Y": "2",
          "Z": "0",
          "Width": "238",
          "Height": "244"
        }
      ],
      "Shame": [
        {
          "X": "5377",
          "Y": "2",
          "Z": "0",
          "Width": "257",
          "Height": "260"
        },
        {
          "X": "5635",
          "Y": "2",
          "Z": "0",
          "Width": "260",
          "Height": "124"
        }
      ],
      "Wrong": [
        {
          "X": "5633",
          "Y": "511",
          "Z": "0",
          "Width": "253",
          "Height": "510"
        }
      ],
      "Terathan Keep": [
        {
          "X": "5404",
          "Y": "3099",
          "Z": "0",
          "Width": "77",
          "Height": "68"
        },
        {
          "X": "5120",
          "Y": "1530",
          "Z": "0",
          "Width": "254",
          "Height": "258"
        }
      ],
      "Fire": [
        {
          "X": "5635",
          "Y": "1285",
          "Z": "0",
          "Width": "245",
          "Height": "235"
        }
      ],
      "Ice": [
        {
          "X": "5668",
          "Y": "130",
          "Z": "0",
          "Width": "220",
          "Height": "138"
        },
        {
          "X": "5800",
          "Y": "319",
          "Z": "0",
          "Width": "63",
          "Height": "65"
        },
        {
          "X": "5654",
          "Y": "300",
          "Z": "0",
          "Width": "54",
          "Height": "40"
        }
      ],
      "Misc Dungeons": [
        {
          "X": "5886",
          "Y": "1281",
          "Z": "0",
          "Width": "257",
          "Height": "254"
        }
      ],
      "Orc Cave": [
        {
          "X": "0",
          "Y": "0",
          "Z": "0",
          "Width": "0",
          "Height": "0"
        },
        {
          "X": "0",
          "Y": "0",
          "Z": "0",
          "Width": "0",
          "Height": "0"
        },
        {
          "X": "0",
          "Y": "0",
          "Z": "0",
          "Width": "0",
          "Height": "0"
        }
      ]
    },
    "Guarded": {
      "Moongates": [
        {
          "X": "1330",
          "Y": "1991",
          "Z": "0",
          "Width": "13",
          "Height": "13"
        },
        {
          "X": "1494",
          "Y": "3767",
          "Z": "0",
          "Width": "12",
          "Height": "11"
        },
        {
          "X": "2694",
          "Y": "685",
          "Z": "0",
          "Width": "15",
          "Height": "16"
        },
        {
          "X": "1823",
          "Y": "2943",
          "Z": "0",
          "Width": "11",
          "Height": "11"
        },
        {
          "X": "761",
          "Y": "741",
          "Z": "0",
          "Width": "19",
          "Height": "21"
        },
        {
          "X": "638",
          "Y": "2062",
          "Z": "0",
          "Width": "12",
          "Height": "11"
        },
        {
          "X": "4459",
          "Y": "1276",
          "Z": "0",
          "Width": "16",
          "Height": "16"
        },
        {
          "X": "3554",
          "Y": "2132",
          "Z": "0",
          "Width": "18",
          "Height": "18"
        }
      ],
      "New Haven Moongate": [
        {
          "X": "3446",
          "Y": "2674",
          "Z": "0",
          "Width": "10",
          "Height": "10"
        }
      ]
    },
    "Forest": {
      "Britain Graveyard": [
        {
          "X": "1333",
          "Y": "1441",
          "Z": "0",
          "Width": "84",
          "Height": "82"
        }
      ],
      "Jhelom Islands": [
        {
          "X": "1111",
          "Y": "3567",
          "Z": "0",
          "Width": "33",
          "Height": "21"
        },
        {
          "X": "1078",
          "Y": "3588",
          "Z": "0",
          "Width": "124",
          "Height": "121"
        },
        {
          "X": "1224",
          "Y": "3592",
          "Z": "0",
          "Width": "309",
          "Height": "473"
        }
      ],
      "Haven Island": [
        {
          "X": "3314",
          "Y": "2345",
          "Z": "0",
          "Width": "500",
          "Height": "750"
        }
      ],
      "Wrong Entrance": [
        {
          "X": "1939",
          "Y": "215",
          "Z": "0",
          "Width": "134",
          "Height": "137"
        }
      ],
      "Covetous Entrance": [
        {
          "X": "2433",
          "Y": "846",
          "Z": "0",
          "Width": "128",
          "Height": "128"
        }
      ],
      "Despise Entrance": [
        {
          "X": "1289",
          "Y": "1064",
          "Z": "0",
          "Width": "32",
          "Height": "37"
        }
      ],
      "Despise Passage": [
        {
          "X": "1338",
          "Y": "1060",
          "Z": "0",
          "Width": "51",
          "Height": "62"
        },
        {
          "X": "1354",
          "Y": "1122",
          "Z": "0",
          "Width": "42",
          "Height": "121"
        },
        {
          "X": "1349",
          "Y": "1122",
          "Z": "0",
          "Width": "5",
          "Height": "102"
        }
      ]
    }
  },
  "Felucca": {
    "Towns": {
      "Heartwood": [
        {
          "X": "6911",
          "Y": "255",
          "Z": "0",
          "Width": "257",
          "Height": "257"
        }
      ],
      "Cove": [
        {
          "X": "2200",
          "Y": "1110",
          "Z": "0",
          "Width": "50",
          "Height": "50"
        },
        {
          "X": "2200",
          "Y": "1160",
          "Z": "0",
          "Width": "86",
          "Height": "86"
        }
      ],
      "Britain": [
        {
          "X": "1416",
          "Y": "1498",
          "Z": "-10",
          "Width": "324",
          "Height": "279"
        },
        {
          "X": "1500",
          "Y": "1408",
          "Z": "0",
          "Width": "46",
          "Height": "90"
        },
        {
          "X": "1385",
          "Y": "1538",
          "Z": "-10",
          "Width": "31",
          "Height": "239"
        },
        {
          "X": "1416",
          "Y": "1777",
          "Z": "0",
          "Width": "324",
          "Height": "60"
        },
        {
          "X": "1385",
          "Y": "1777",
          "Z": "0",
          "Width": "31",
          "Height": "130"
        },
        {
          "X": "1093",
          "Y": "1538",
          "Z": "0",
          "Width": "292",
          "Height": "369"
        },
        {
          "X": "1492",
          "Y": "1602",
          "Z": "0",
          "Width": "8",
          "Height": "19"
        },
        {
          "X": "1500",
          "Y": "1610",
          "Z": "0",
          "Width": "8",
          "Height": "16"
        },
        {
          "X": "1576",
          "Y": "1584",
          "Z": "0",
          "Width": "24",
          "Height": "16"
        },
        {
          "X": "1456",
          "Y": "1512",
          "Z": "0",
          "Width": "16",
          "Height": "16"
        },
        {
          "X": "1472",
          "Y": "1512",
          "Z": "0",
          "Width": "8",
          "Height": "8"
        },
        {
          "X": "1486",
          "Y": "1684",
          "Z": "0",
          "Width": "8",
          "Height": "8"
        },
        {
          "X": "1494",
          "Y": "1676",
          "Z": "0",
          "Width": "8",
          "Height": "24"
        },
        {
          "X": "1424",
          "Y": "1712",
          "Z": "0",
          "Width": "8",
          "Height": "24"
        },
        {
          "X": "1432",
          "Y": "1712",
          "Z": "0",
          "Width": "8",
          "Height": "12"
        },
        {
          "X": "1608",
          "Y": "1584",
          "Z": "0",
          "Width": "24",
          "Height": "8"
        },
        {
          "X": "1616",
          "Y": "1576",
          "Z": "0",
          "Width": "8",
          "Height": "8"
        },
        {
          "X": "1544",
          "Y": "1760",
          "Z": "0",
          "Width": "16",
          "Height": "16"
        },
        {
          "X": "1560",
          "Y": "1760",
          "Z": "0",
          "Width": "8",
          "Height": "8"
        }
      ],
      "A Wheatfield in Britain 1": [
        {
          "X": "1120",
          "Y": "1776",
          "Z": "0",
          "Width": "32",
          "Height": "32"
        }
      ],
      "A Wheatfield in Britain 2": [
        {
          "X": "1184",
          "Y": "1808",
          "Z": "0",
          "Width": "32",
          "Height": "32"
        }
      ],
      "A Wheatfield in Britain 3": [
        {
          "X": "1216",
          "Y": "1872",
          "Z": "0",
          "Width": "32",
          "Height": "32"
        }
      ],
      "A Carrot Field in Britain 1": [
        {
          "X": "1208",
          "Y": "1712",
          "Z": "0",
          "Width": "16",
          "Height": "24"
        }
      ],
      "An Onion Field in Britain 1": [
        {
          "X": "1224",
          "Y": "1712",
          "Z": "0",
          "Width": "16",
          "Height": "24"
        }
      ],
      "A Cabbage Field in Britain 1": [
        {
          "X": "1176",
          "Y": "1672",
          "Z": "0",
          "Width": "16",
          "Height": "23"
        }
      ],
      "A Turnip Field in Britain 1": [
        {
          "X": "1192",
          "Y": "1672",
          "Z": "0",
          "Width": "16",
          "Height": "24"
        }
      ],
      "A Wheatfield in Britain 4": [
        {
          "X": "1104",
          "Y": "1608",
          "Z": "0",
          "Width": "32",
          "Height": "32"
        }
      ],
      "A Wheatfield in Britain 5": [
        {
          "X": "1136",
          "Y": "1560",
          "Z": "0",
          "Width": "32",
          "Height": "32"
        }
      ],
      "A Turnip Field in Britain 2": [
        {
          "X": "1208",
          "Y": "1592",
          "Z": "0",
          "Width": "16",
          "Height": "24"
        }
      ],
      "A Carrot Field in Britain 2": [
        {
          "X": "1224",
          "Y": "1592",
          "Z": "0",
          "Width": "16",
          "Height": "24"
        }
      ],
      "Jhelom": [
        {
          "X": "1303",
          "Y": "3670",
          "Z": "0",
          "Width": "189",
          "Height": "225"
        },
        {
          "X": "1338",
          "Y": "3895",
          "Z": "0",
          "Width": "74",
          "Height": "28"
        },
        {
          "X": "1383",
          "Y": "3951",
          "Z": "0",
          "Width": "109",
          "Height": "94"
        },
        {
          "X": "1352",
          "Y": "3800",
          "Z": "0",
          "Width": "16",
          "Height": "32"
        },
        {
          "X": "1368",
          "Y": "3808",
          "Z": "0",
          "Width": "8",
          "Height": "16"
        },
        {
          "X": "1432",
          "Y": "3768",
          "Z": "0",
          "Width": "32",
          "Height": "8"
        },
        {
          "X": "1440",
          "Y": "3776",
          "Z": "0",
          "Width": "24",
          "Height": "8"
        }
      ],
      "Minoc": [
        {
          "X": "2411",
          "Y": "366",
          "Z": "0",
          "Width": "135",
          "Height": "241"
        },
        {
          "X": "2548",
          "Y": "495",
          "Z": "0",
          "Width": "72",
          "Height": "55"
        },
        {
          "X": "2564",
          "Y": "585",
          "Z": "0",
          "Width": "3",
          "Height": "42"
        },
        {
          "X": "2567",
          "Y": "585",
          "Z": "0",
          "Width": "61",
          "Height": "61"
        },
        {
          "X": "2499",
          "Y": "627",
          "Z": "0",
          "Width": "68",
          "Height": "63"
        },
        {
          "X": "2457",
          "Y": "397",
          "Z": "0",
          "Width": "40",
          "Height": "8"
        },
        {
          "X": "2465",
          "Y": "405",
          "Z": "0",
          "Width": "8",
          "Height": "8"
        },
        {
          "X": "2481",
          "Y": "405",
          "Z": "0",
          "Width": "8",
          "Height": "8"
        }
      ],
      "Ocllo A": [
        {
          "X": "3587",
          "Y": "2456",
          "Z": "0",
          "Width": "119",
          "Height": "99"
        },
        {
          "X": "3706",
          "Y": "2460",
          "Z": "0",
          "Width": "2",
          "Height": "95"
        },
        {
          "X": "3587",
          "Y": "2555",
          "Z": "0",
          "Width": "106",
          "Height": "73"
        },
        {
          "X": "3590",
          "Y": "2628",
          "Z": "0",
          "Width": "103",
          "Height": "58"
        },
        {
          "X": "3693",
          "Y": "2555",
          "Z": "0",
          "Width": "61",
          "Height": "144"
        },
        {
          "X": "3754",
          "Y": "2558",
          "Z": "0",
          "Width": "7",
          "Height": "141"
        },
        {
          "X": "3761",
          "Y": "2555",
          "Z": "0",
          "Width": "7",
          "Height": "144"
        },
        {
          "X": "3695",
          "Y": "2699",
          "Z": "0",
          "Width": "66",
          "Height": "13"
        }
      ],
      "Ocllo B": [
        {
          "X": "3664",
          "Y": "2608",
          "Z": "0",
          "Width": "16",
          "Height": "16"
        },
        {
          "X": "3664",
          "Y": "2640",
          "Z": "0",
          "Width": "8",
          "Height": "16"
        },
        {
          "X": "3672",
          "Y": "2648",
          "Z": "0",
          "Width": "8",
          "Height": "8"
        }
      ],
      "Trinsic": [
        {
          "X": "1856",
          "Y": "2636",
          "Z": "0",
          "Width": "75",
          "Height": "28"
        },
        {
          "X": "1816",
          "Y": "2664",
          "Z": "0",
          "Width": "283",
          "Height": "231"
        },
        {
          "X": "2099",
          "Y": "2782",
          "Z": "0",
          "Width": "18",
          "Height": "25"
        },
        {
          "X": "1970",
          "Y": "2895",
          "Z": "0",
          "Width": "47",
          "Height": "32"
        },
        {
          "X": "1796",
          "Y": "2696",
          "Z": "0",
          "Width": "20",
          "Height": "67"
        },
        {
          "X": "1800",
          "Y": "2796",
          "Z": "0",
          "Width": "16",
          "Height": "52"
        },
        {
          "X": "1834",
          "Y": "2728",
          "Z": "0",
          "Width": "22",
          "Height": "16"
        },
        {
          "X": "2024",
          "Y": "2784",
          "Z": "0",
          "Width": "16",
          "Height": "20"
        },
        {
          "X": "2026",
          "Y": "2804",
          "Z": "0",
          "Width": "14",
          "Height": "2"
        },
        {
          "X": "2024",
          "Y": "2806",
          "Z": "0",
          "Width": "16",
          "Height": "7"
        },
        {
          "X": "1923",
          "Y": "2786",
          "Z": "0",
          "Width": "12",
          "Height": "22"
        },
        {
          "X": "1935",
          "Y": "2786",
          "Z": "0",
          "Width": "7",
          "Height": "14"
        }
      ],
      "Vesper": [
        {
          "X": "2893",
          "Y": "598",
          "Z": "0",
          "Width": "121",
          "Height": "50"
        },
        {
          "X": "2816",
          "Y": "648",
          "Z": "0",
          "Width": "249",
          "Height": "365"
        },
        {
          "X": "2734",
          "Y": "944",
          "Z": "0",
          "Width": "82",
          "Height": "4"
        },
        {
          "X": "2728",
          "Y": "948",
          "Z": "0",
          "Width": "88",
          "Height": "53"
        },
        {
          "X": "2952",
          "Y": "864",
          "Z": "0",
          "Width": "16",
          "Height": "32"
        },
        {
          "X": "2968",
          "Y": "872",
          "Z": "0",
          "Width": "8",
          "Height": "16"
        },
        {
          "X": "2776",
          "Y": "952",
          "Z": "0",
          "Width": "16",
          "Height": "32"
        },
        {
          "X": "2768",
          "Y": "960",
          "Z": "0",
          "Width": "8",
          "Height": "16"
        },
        {
          "X": "2892",
          "Y": "901",
          "Z": "0",
          "Width": "16",
          "Height": "19"
        },
        {
          "X": "2908",
          "Y": "904",
          "Z": "0",
          "Width": "8",
          "Height": "8"
        }
      ],
      "Yew": [
        {
          "X": "92",
          "Y": "656",
          "Z": "0",
          "Width": "349",
          "Height": "225"
        },
        {
          "X": "441",
          "Y": "746",
          "Z": "0",
          "Width": "216",
          "Height": "135"
        },
        {
          "X": "258",
          "Y": "881",
          "Z": "0",
          "Width": "399",
          "Height": "380"
        },
        {
          "X": "657",
          "Y": "922",
          "Z": "0",
          "Width": "42",
          "Height": "307"
        },
        {
          "X": "657",
          "Y": "806",
          "Z": "0",
          "Width": "17",
          "Height": "28"
        },
        {
          "X": "718",
          "Y": "874",
          "Z": "0",
          "Width": "38",
          "Height": "22"
        },
        {
          "X": "600",
          "Y": "808",
          "Z": "0",
          "Width": "24",
          "Height": "24"
        }
      ],
      "A Field of Sheep in Yew 1": [
        {
          "X": "664",
          "Y": "928",
          "Z": "0",
          "Width": "22",
          "Height": "22"
        }
      ],
      "A Field of Sheep in Yew 2": [
        {
          "X": "664",
          "Y": "1168",
          "Z": "0",
          "Width": "22",
          "Height": "22"
        }
      ],
      "A Farm in Yew": [
        {
          "X": "560",
          "Y": "1088",
          "Z": "0",
          "Width": "22",
          "Height": "22"
        }
      ],
      "A Wheatfield in Yew 1": [
        {
          "X": "560",
          "Y": "1232",
          "Z": "0",
          "Width": "16",
          "Height": "16"
        }
      ],
      "A Wheatfield in Yew 2": [
        {
          "X": "368",
          "Y": "1176",
          "Z": "0",
          "Width": "14",
          "Height": "32"
        }
      ],
      "Wind": [
        {
          "X": "5294",
          "Y": "19",
          "Z": "0",
          "Width": "72",
          "Height": "120"
        },
        {
          "X": "5132",
          "Y": "58",
          "Z": "0",
          "Width": "81",
          "Height": "68"
        },
        {
          "X": "5197",
          "Y": "126",
          "Z": "0",
          "Width": "55",
          "Height": "78"
        },
        {
          "X": "5132",
          "Y": "3",
          "Z": "0",
          "Width": "70",
          "Height": "55"
        },
        {
          "X": "5252",
          "Y": "112",
          "Z": "0",
          "Width": "42",
          "Height": "58"
        },
        {
          "X": "5213",
          "Y": "98",
          "Z": "0",
          "Width": "39",
          "Height": "28"
        },
        {
          "X": "5279",
          "Y": "57",
          "Z": "0",
          "Width": "15",
          "Height": "55"
        },
        {
          "X": "5252",
          "Y": "170",
          "Z": "0",
          "Width": "32",
          "Height": "8"
        },
        {
          "X": "5286",
          "Y": "25",
          "Z": "0",
          "Width": "8",
          "Height": "32"
        },
        {
          "X": "5252",
          "Y": "178",
          "Z": "0",
          "Width": "20",
          "Height": "5"
        },
        {
          "X": "5252",
          "Y": "183",
          "Z": "0",
          "Width": "10",
          "Height": "10"
        },
        {
          "X": "5159",
          "Y": "15",
          "Z": "0",
          "Width": "25",
          "Height": "9"
        },
        {
          "X": "5159",
          "Y": "24",
          "Z": "0",
          "Width": "9",
          "Height": "16"
        },
        {
          "X": "5175",
          "Y": "24",
          "Z": "0",
          "Width": "9",
          "Height": "8"
        },
        {
          "X": "5212",
          "Y": "159",
          "Z": "0",
          "Width": "9",
          "Height": "24"
        },
        {
          "X": "5221",
          "Y": "171",
          "Z": "0",
          "Width": "7",
          "Height": "12"
        },
        {
          "X": "5206",
          "Y": "164",
          "Z": "0",
          "Width": "6",
          "Height": "15"
        },
        {
          "X": "5303",
          "Y": "28",
          "Z": "0",
          "Width": "16",
          "Height": "14"
        }
      ],
      "Serpent's Hold": [
        {
          "X": "2868",
          "Y": "3324",
          "Z": "0",
          "Width": "205",
          "Height": "195"
        },
        {
          "X": "2960",
          "Y": "3400",
          "Z": "0",
          "Width": "16",
          "Height": "16"
        },
        {
          "X": "2968",
          "Y": "3416",
          "Z": "0",
          "Width": "8",
          "Height": "16"
        },
        {
          "X": "3008",
          "Y": "3450",
          "Z": "0",
          "Width": "14",
          "Height": "14"
        }
      ],
      "Skara Brae": [
        {
          "X": "538",
          "Y": "2107",
          "Z": "0",
          "Width": "150",
          "Height": "190"
        },
        {
          "X": "600",
          "Y": "2232",
          "Z": "0",
          "Width": "16",
          "Height": "24"
        },
        {
          "X": "592",
          "Y": "2240",
          "Z": "0",
          "Width": "8",
          "Height": "16"
        },
        {
          "X": "616",
          "Y": "2240",
          "Z": "0",
          "Width": "8",
          "Height": "16"
        },
        {
          "X": "552",
          "Y": "2168",
          "Z": "0",
          "Width": "16",
          "Height": "24"
        },
        {
          "X": "568",
          "Y": "2168",
          "Z": "0",
          "Width": "8",
          "Height": "8"
        }
      ],
      "Nujel'm": [
        {
          "X": "3475",
          "Y": "1000",
          "Z": "0",
          "Width": "360",
          "Height": "435"
        },
        {
          "X": "3736",
          "Y": "1184",
          "Z": "0",
          "Width": "16",
          "Height": "23"
        },
        {
          "X": "3728",
          "Y": "1192",
          "Z": "0",
          "Width": "8",
          "Height": "15"
        },
        {
          "X": "3728",
          "Y": "1288",
          "Z": "0",
          "Width": "23",
          "Height": "15"
        },
        {
          "X": "3728",
          "Y": "1303",
          "Z": "0",
          "Width": "16",
          "Height": "9"
        },
        {
          "X": "3728",
          "Y": "1312",
          "Z": "0",
          "Width": "12",
          "Height": "8"
        },
        {
          "X": "3728",
          "Y": "1320",
          "Z": "0",
          "Width": "16",
          "Height": "23"
        },
        {
          "X": "3744",
          "Y": "1328",
          "Z": "0",
          "Width": "7",
          "Height": "15"
        },
        {
          "X": "3760",
          "Y": "1216",
          "Z": "0",
          "Width": "12",
          "Height": "24"
        },
        {
          "X": "3772",
          "Y": "1220",
          "Z": "0",
          "Width": "4",
          "Height": "16"
        },
        {
          "X": "3776",
          "Y": "1224",
          "Z": "0",
          "Width": "8",
          "Height": "8"
        },
        {
          "X": "3728",
          "Y": "1248",
          "Z": "0",
          "Width": "16",
          "Height": "24"
        },
        {
          "X": "3744",
          "Y": "1264",
          "Z": "0",
          "Width": "8",
          "Height": "8"
        },
        {
          "X": "3744",
          "Y": "1248",
          "Z": "0",
          "Width": "8",
          "Height": "8"
        }
      ],
      "Moonglow": [
        {
          "X": "4535",
          "Y": "844",
          "Z": "0",
          "Width": "20",
          "Height": "3"
        },
        {
          "X": "4530",
          "Y": "847",
          "Z": "0",
          "Width": "31",
          "Height": "61"
        },
        {
          "X": "4521",
          "Y": "914",
          "Z": "0",
          "Width": "56",
          "Height": "49"
        },
        {
          "X": "4278",
          "Y": "915",
          "Z": "0",
          "Width": "54",
          "Height": "19"
        },
        {
          "X": "4283",
          "Y": "944",
          "Z": "0",
          "Width": "53",
          "Height": "73"
        },
        {
          "X": "4377",
          "Y": "1015",
          "Z": "-10",
          "Width": "59",
          "Height": "37"
        },
        {
          "X": "4367",
          "Y": "1050",
          "Z": "0",
          "Width": "142",
          "Height": "145"
        },
        {
          "X": "4539",
          "Y": "1036",
          "Z": "0",
          "Width": "27",
          "Height": "18"
        },
        {
          "X": "4517",
          "Y": "1053",
          "Z": "0",
          "Width": "23",
          "Height": "22"
        },
        {
          "X": "4389",
          "Y": "1198",
          "Z": "0",
          "Width": "47",
          "Height": "39"
        },
        {
          "X": "4466",
          "Y": "1211",
          "Z": "0",
          "Width": "32",
          "Height": "25"
        },
        {
          "X": "4700",
          "Y": "1108",
          "Z": "0",
          "Width": "17",
          "Height": "18"
        },
        {
          "X": "4656",
          "Y": "1127",
          "Z": "0",
          "Width": "26",
          "Height": "13"
        },
        {
          "X": "4678",
          "Y": "1162",
          "Z": "0",
          "Width": "25",
          "Height": "25"
        },
        {
          "X": "4613",
          "Y": "1196",
          "Z": "0",
          "Width": "23",
          "Height": "22"
        },
        {
          "X": "4646",
          "Y": "1212",
          "Z": "0",
          "Width": "14",
          "Height": "17"
        },
        {
          "X": "4677",
          "Y": "1214",
          "Z": "0",
          "Width": "26",
          "Height": "22"
        },
        {
          "X": "4622",
          "Y": "1316",
          "Z": "0",
          "Width": "22",
          "Height": "24"
        },
        {
          "X": "4487",
          "Y": "1353",
          "Z": "0",
          "Width": "59",
          "Height": "21"
        },
        {
          "X": "4477",
          "Y": "1374",
          "Z": "0",
          "Width": "69",
          "Height": "35"
        },
        {
          "X": "4659",
          "Y": "1387",
          "Z": "0",
          "Width": "40",
          "Height": "40"
        },
        {
          "X": "4549",
          "Y": "1482",
          "Z": "0",
          "Width": "29",
          "Height": "27"
        },
        {
          "X": "4405",
          "Y": "1451",
          "Z": "0",
          "Width": "23",
          "Height": "23"
        },
        {
          "X": "4483",
          "Y": "1468",
          "Z": "0",
          "Width": "21",
          "Height": "13"
        },
        {
          "X": "4384",
          "Y": "1152",
          "Z": "0",
          "Width": "8",
          "Height": "24"
        },
        {
          "X": "4392",
          "Y": "1160",
          "Z": "0",
          "Width": "16",
          "Height": "8"
        },
        {
          "X": "4400",
          "Y": "1152",
          "Z": "0",
          "Width": "8",
          "Height": "8"
        },
        {
          "X": "4480",
          "Y": "1056",
          "Z": "0",
          "Width": "8",
          "Height": "16"
        },
        {
          "X": "4488",
          "Y": "1060",
          "Z": "0",
          "Width": "4",
          "Height": "8"
        },
        {
          "X": "4476",
          "Y": "1060",
          "Z": "0",
          "Width": "4",
          "Height": "8"
        }
      ],
      "Magincia": [
        {
          "X": "3653",
          "Y": "2046",
          "Z": "0",
          "Width": "27",
          "Height": "48"
        },
        {
          "X": "3752",
          "Y": "2046",
          "Z": "0",
          "Width": "52",
          "Height": "48"
        },
        {
          "X": "3680",
          "Y": "2045",
          "Z": "0",
          "Width": "72",
          "Height": "49"
        },
        {
          "X": "3652",
          "Y": "2094",
          "Z": "0",
          "Width": "160",
          "Height": "180"
        },
        {
          "X": "3649",
          "Y": "2256",
          "Z": "0",
          "Width": "54",
          "Height": "47"
        },
        {
          "X": "3680",
          "Y": "2152",
          "Z": "0",
          "Width": "24",
          "Height": "8"
        },
        {
          "X": "3720",
          "Y": "2216",
          "Z": "0",
          "Width": "16",
          "Height": "16"
        }
      ],
      "Buccaneer's Den": [
        {
          "X": "2612",
          "Y": "2057",
          "Z": "0",
          "Width": "164",
          "Height": "210",
          "Guards": "false"
        },
        {
          "X": "2604",
          "Y": "2065",
          "Z": "0",
          "Width": "8",
          "Height": "189",
          "Guards": "false"
        },
        {
          "X": "2712",
          "Y": "2080",
          "Z": "0",
          "Width": "16",
          "Height": "16",
          "Guards": "false"
        },
        {
          "X": "2712",
          "Y": "2096",
          "Z": "0",
          "Width": "8",
          "Height": "8",
          "Guards": "false"
        },
        {
          "X": "2664",
          "Y": "2232",
          "Z": "0",
          "Width": "24",
          "Height": "8",
          "Guards": "false"
        },
        {
          "X": "2672",
          "Y": "2240",
          "Z": "0",
          "Width": "16",
          "Height": "8",
          "Guards": "false"
        }
      ],
      "Delucia": [
        {
          "X": "5123",
          "Y": "3942",
          "Z": "0",
          "Width": "192",
          "Height": "122"
        },
        {
          "X": "5147",
          "Y": "4064",
          "Z": "0",
          "Width": "125",
          "Height": "20"
        },
        {
          "X": "5235",
          "Y": "3930",
          "Z": "0",
          "Width": "80",
          "Height": "12"
        },
        {
          "X": "5194",
          "Y": "4053",
          "Z": "0",
          "Width": "10",
          "Height": "20"
        }
      ],
      "Papua": [
        {
          "X": "5639",
          "Y": "3095",
          "Z": "0",
          "Width": "192",
          "Height": "223"
        },
        {
          "X": "5831",
          "Y": "3237",
          "Z": "0",
          "Width": "20",
          "Height": "30"
        },
        {
          "X": "5757",
          "Y": "3150",
          "Z": "0",
          "Width": "24",
          "Height": "24"
        }
      ]
    },
    "Dungeons": {
      "Sanctuary": [
        {
          "X": "6144",
          "Y": "0",
          "Z": "0",
          "Width": "255",
          "Height": "255"
        }
      ],
      "Painted Caves": [
        {
          "X": "6240",
          "Y": "850",
          "Z": "0",
          "Width": "75",
          "Height": "70"
        }
      ],
      "Prism of Light": [
        {
          "X": "6400",
          "Y": "0",
          "Z": "0",
          "Width": "221",
          "Height": "255"
        }
      ],
      "Blighted Grove": [
        {
          "X": "6440",
          "Y": "820",
          "Z": "0",
          "Width": "160",
          "Height": "150"
        }
      ],
      "Palace of Paroxysmus": [
        {
          "X": "6191",
          "Y": "311",
          "Z": "0",
          "Width": "370",
          "Height": "360"
        }
      ],
      "Covetous": [
        {
          "X": "5376",
          "Y": "1793",
          "Z": "0",
          "Width": "201",
          "Height": "255"
        },
        {
          "X": "5576",
          "Y": "1791",
          "Z": "0",
          "Width": "57",
          "Height": "257"
        }
      ],
      "Deceit": [
        {
          "X": "5122",
          "Y": "518",
          "Z": "0",
          "Width": "248",
          "Height": "252"
        }
      ],
      "Despise": [
        {
          "X": "5377",
          "Y": "516",
          "Z": "0",
          "Width": "254",
          "Height": "506"
        }
      ],
      "Destard": [
        {
          "X": "5120",
          "Y": "770",
          "Z": "0",
          "Width": "251",
          "Height": "258"
        }
      ],
      "Hythloth": [
        {
          "X": "5898",
          "Y": "2",
          "Z": "0",
          "Width": "238",
          "Height": "244"
        }
      ],
      "Khaldun": [
        {
          "X": "5381",
          "Y": "1284",
          "Z": "0",
          "Width": "247",
          "Height": "225"
        }
      ],
      "Shame": [
        {
          "X": "5377",
          "Y": "2",
          "Z": "0",
          "Width": "257",
          "Height": "260"
        },
        {
          "X": "5635",
          "Y": "2",
          "Z": "0",
          "Width": "260",
          "Height": "124"
        }
      ],
      "Wrong": [
        {
          "X": "5633",
          "Y": "511",
          "Z": "0",
          "Width": "253",
          "Height": "510"
        }
      ],
      "Terathan Keep": [
        {
          "X": "5404",
          "Y": "3099",
          "Z": "0",
          "Width": "77",
          "Height": "68"
        },
        {
          "X": "5120",
          "Y": "1530",
          "Z": "0",
          "Width": "254",
          "Height": "258"
        }
      ],
      "Fire": [
        {
          "X": "5635",
          "Y": "1285",
          "Z": "0",
          "Width": "245",
          "Height": "235"
        }
      ],
      "Ice": [
        {
          "X": "5668",
          "Y": "130",
          "Z": "0",
          "Width": "220",
          "Height": "138"
        },
        {
          "X": "5800",
          "Y": "319",
          "Z": "0",
          "Width": "63",
          "Height": "65"
        },
        {
          "X": "5654",
          "Y": "300",
          "Z": "0",
          "Width": "54",
          "Height": "40"
        }
      ],
      "Misc Dungeons": [
        {
          "X": "5886",
          "Y": "1281",
          "Z": "0",
          "Width": "257",
          "Height": "254"
        }
      ],
      "Orc Cave": [
        {
          "X": "0",
          "Y": "0",
          "Z": "0",
          "Width": "0",
          "Height": "0"
        },
        {
          "X": "0",
          "Y": "0",
          "Z": "0",
          "Width": "0",
          "Height": "0"
        },
        {
          "X": "0",
          "Y": "0",
          "Z": "0",
          "Width": "0",
          "Height": "0"
        }
      ]
    },
    "Guarded": {
      "Moongates": [
        {
          "X": "1330",
          "Y": "1991",
          "Z": "0",
          "Width": "13",
          "Height": "13"
        },
        {
          "X": "1494",
          "Y": "3767",
          "Z": "0",
          "Width": "12",
          "Height": "11"
        },
        {
          "X": "2694",
          "Y": "685",
          "Z": "0",
          "Width": "15",
          "Height": "16"
        },
        {
          "X": "1823",
          "Y": "2943",
          "Z": "0",
          "Width": "11",
          "Height": "11"
        },
        {
          "X": "761",
          "Y": "741",
          "Z": "0",
          "Width": "19",
          "Height": "21"
        },
        {
          "X": "638",
          "Y": "2062",
          "Z": "0",
          "Width": "12",
          "Height": "11"
        },
        {
          "X": "4459",
          "Y": "1276",
          "Z": "0",
          "Width": "16",
          "Height": "16"
        },
        {
          "X": "3554",
          "Y": "2132",
          "Z": "0",
          "Width": "18",
          "Height": "18"
        }
      ]
    },
    "Forest": {
      "Britain Graveyard": [
        {
          "X": "1333",
          "Y": "1441",
          "Z": "0",
          "Width": "84",
          "Height": "82"
        }
      ],
      "Jhelom Islands": [
        {
          "X": "1111",
          "Y": "3567",
          "Z": "0",
          "Width": "33",
          "Height": "21"
        },
        {
          "X": "1078",
          "Y": "3588",
          "Z": "0",
          "Width": "124",
          "Height": "121"
        },
        {
          "X": "1224",
          "Y": "3592",
          "Z": "0",
          "Width": "309",
          "Height": "473"
        }
      ],
      "Wrong Entrance": [
        {
          "X": "1939",
          "Y": "215",
          "Z": "0",
          "Width": "134",
          "Height": "137"
        }
      ],
      "Covetous Entrance": [
        {
          "X": "2433",
          "Y": "846",
          "Z": "0",
          "Width": "128",
          "Height": "128"
        }
      ],
      "Despise Entrance": [
        {
          "X": "1289",
          "Y": "1064",
          "Z": "0",
          "Width": "32",
          "Height": "37"
        }
      ],
      "Despise Passage": [
        {
          "X": "1338",
          "Y": "1060",
          "Z": "0",
          "Width": "51",
          "Height": "62"
        },
        {
          "X": "1354",
          "Y": "1122",
          "Z": "0",
          "Width": "42",
          "Height": "121"
        },
        {
          "X": "1349",
          "Y": "1122",
          "Z": "0",
          "Width": "5",
          "Height": "102"
        }
      ]
    }
  },
  "Ilshenar": {
    "Towns": {
      "Gargoyle City": [
        {
          "X": "824",
          "Y": "552",
          "Z": "0",
          "Width": "32",
          "Height": "176"
        },
        {
          "X": "752",
          "Y": "576",
          "Z": "0",
          "Width": "72",
          "Height": "128"
        },
        {
          "X": "856",
          "Y": "576",
          "Z": "0",
          "Width": "48",
          "Height": "128"
        },
        {
          "X": "904",
          "Y": "624",
          "Z": "0",
          "Width": "24",
          "Height": "32"
        },
        {
          "X": "827",
          "Y": "694",
          "Z": "0",
          "Width": "26",
          "Height": "33"
        }
      ],
      "Montor": [
        {
          "X": "1576",
          "Y": "272",
          "Z": "0",
          "Width": "144",
          "Height": "96",
          "Guards": "false"
        },
        {
          "X": "1616",
          "Y": "200",
          "Z": "0",
          "Width": "80",
          "Height": "72",
          "Guards": "false"
        },
        {
          "X": "1696",
          "Y": "144",
          "Z": "0",
          "Width": "40",
          "Height": "128",
          "Guards": "false"
        },
        {
          "X": "1736",
          "Y": "144",
          "Z": "0",
          "Width": "32",
          "Height": "64",
          "Guards": "false"
        }
      ],
      "Ancient Citadel": [
        {
          "X": "1448",
          "Y": "496",
          "Z": "0",
          "Width": "104",
          "Height": "104",
          "Guards": "false"
        }
      ],
      "Alexandretta's Bowl": [
        {
          "X": "1272",
          "Y": "352",
          "Z": "0",
          "Width": "168",
          "Height": "240",
          "Guards": "false"
        }
      ],
      "Lenmir Anfinmotas": [
        {
          "X": "1560",
          "Y": "792",
          "Z": "0",
          "Width": "232",
          "Height": "120",
          "Guards": "false"
        }
      ],
      "Reg Volon": [
        {
          "X": "1328",
          "Y": "1008",
          "Z": "0",
          "Width": "80",
          "Height": "112",
          "Guards": "false"
        }
      ],
      "Lake Shire": [
        {
          "X": "1144",
          "Y": "1072",
          "Z": "0",
          "Width": "120",
          "Height": "128",
          "Guards": "false"
        }
      ],
      "Bet-Lem Reg": [
        {
          "X": "1232",
          "Y": "936",
          "Z": "0",
          "Width": "40",
          "Height": "48",
          "Guards": "false"
        }
      ],
      "Mistas": [
        {
          "X": "744",
          "Y": "984",
          "Z": "0",
          "Width": "168",
          "Height": "168",
          "Guards": "false"
        },
        {
          "X": "744",
          "Y": "1152",
          "Z": "0",
          "Width": "48",
          "Height": "24",
          "Guards": "false"
        },
        {
          "X": "752",
          "Y": "1131",
          "Z": "0",
          "Width": "16",
          "Height": "21",
          "Guards": "false"
        }
      ]
    },
    "Dungeons": {
      "Twisted Weald": [
        {
          "X": "2107",
          "Y": "1145",
          "Z": "0",
          "Width": "147",
          "Height": "135"
        }
      ],
      "Rock Dungeon": [
        {
          "X": "2176",
          "Y": "288",
          "Z": "0",
          "Width": "24",
          "Height": "40"
        },
        {
          "X": "2088",
          "Y": "8",
          "Z": "0",
          "Width": "160",
          "Height": "176"
        }
      ],
      "Spider Cave": [
        {
          "X": "1752",
          "Y": "952",
          "Z": "0",
          "Width": "112",
          "Height": "48"
        },
        {
          "X": "1480",
          "Y": "864",
          "Z": "0",
          "Width": "48",
          "Height": "32"
        }
      ],
      "Spectre Dungeon": [
        {
          "X": "1936",
          "Y": "1000",
          "Z": "0",
          "Width": "96",
          "Height": "120"
        }
      ],
      "Blood Dungeon": [
        {
          "X": "2032",
          "Y": "808",
          "Z": "0",
          "Width": "168",
          "Height": "256"
        }
      ],
      "Ankh Dungeon": [
        {
          "X": "0",
          "Y": "1248",
          "Z": "0",
          "Width": "176",
          "Height": "344"
        },
        {
          "X": "568",
          "Y": "1152",
          "Z": "0",
          "Width": "16",
          "Height": "8"
        }
      ],
      "Wisp Dungeon": [
        {
          "X": "616",
          "Y": "1480",
          "Z": "0",
          "Width": "88",
          "Height": "96"
        },
        {
          "X": "704",
          "Y": "1544",
          "Z": "0",
          "Width": "24",
          "Height": "32"
        },
        {
          "X": "704",
          "Y": "1480",
          "Z": "0",
          "Width": "40",
          "Height": "40"
        },
        {
          "X": "816",
          "Y": "1448",
          "Z": "0",
          "Width": "96",
          "Height": "136"
        },
        {
          "X": "944",
          "Y": "1416",
          "Z": "0",
          "Width": "56",
          "Height": "40"
        },
        {
          "X": "912",
          "Y": "1456",
          "Z": "0",
          "Width": "112",
          "Height": "128"
        },
        {
          "X": "832",
          "Y": "1424",
          "Z": "0",
          "Width": "48",
          "Height": "24"
        },
        {
          "X": "744",
          "Y": "1504",
          "Z": "0",
          "Width": "72",
          "Height": "80"
        },
        {
          "X": "744",
          "Y": "1456",
          "Z": "0",
          "Width": "56",
          "Height": "48"
        }
      ],
      "Exodus Dungeon": [
        {
          "X": "1832",
          "Y": "16",
          "Z": "0",
          "Width": "248",
          "Height": "200"
        }
      ],
      "Sorcerer's Dungeon": [
        {
          "X": "368",
          "Y": "0",
          "Z": "0",
          "Width": "120",
          "Height": "120"
        },
        {
          "X": "200",
          "Y": "0",
          "Z": "0",
          "Width": "168",
          "Height": "112"
        },
        {
          "X": "256",
          "Y": "120",
          "Z": "0",
          "Width": "32",
          "Height": "32"
        },
        {
          "X": "48",
          "Y": "0",
          "Z": "0",
          "Width": "136",
          "Height": "136"
        },
        {
          "X": "224",
          "Y": "112",
          "Z": "0",
          "Width": "24",
          "Height": "32"
        }
      ],
      "Ancient Lair": [
        {
          "X": "24",
          "Y": "664",
          "Z": "0",
          "Width": "112",
          "Height": "96"
        }
      ]
    },
    "Guarded": {},
    "Forest": {}
  },
  "Malas": {
    "Towns": {
      "Luna": [
        {
          "X": "945",
          "Y": "490",
          "Z": "0",
          "Width": "91",
          "Height": "61"
        },
        {
          "X": "986",
          "Y": "509",
          "Z": "0",
          "Width": "18",
          "Height": "21"
        }
      ],
      "Umbra": [
        {
          "X": "2042",
          "Y": "1265",
          "Z": "0",
          "Width": "48",
          "Height": "13"
        },
        {
          "X": "1960",
          "Y": "1278",
          "Z": "0",
          "Width": "146",
          "Height": "135"
        },
        {
          "X": "2004",
          "Y": "1413",
          "Z": "0",
          "Width": "36",
          "Height": "6"
        },
        {
          "X": "2031",
          "Y": "1311",
          "Z": "0",
          "Width": "15",
          "Height": "14"
        }
      ]
    },
    "Dungeons": {
      "Bedlam": [
        {
          "X": "75",
          "Y": "1590",
          "Z": "0",
          "Width": "135",
          "Height": "170"
        }
      ],
      "Citadel": [
        {
          "X": "60",
          "Y": "1855",
          "Z": "0",
          "Width": "135",
          "Height": "135"
        }
      ],
      "Labyrinth": [
        {
          "X": "256",
          "Y": "1795",
          "Z": "0",
          "Width": "243",
          "Height": "230"
        }
      ],
      "Doom": [
        {
          "X": "256",
          "Y": "0",
          "Z": "0",
          "Width": "256",
          "Height": "304"
        }
      ],
      "Doom Gauntlet": [
        {
          "X": "256",
          "Y": "304",
          "Z": "0",
          "Width": "256",
          "Height": "256"
        }
      ],
      "Yomotsu Mines": [
        {
          "X": "0",
          "Y": "0",
          "Z": "0",
          "Width": "129",
          "Height": "129"
        }
      ],
      "Fan Dancer's Dojo": [
        {
          "X": "40",
          "Y": "320",
          "Z": "0",
          "Width": "170",
          "Height": "400"
        }
      ]
    },
    "Guarded": {},
    "Forest": {
      "Ilse of the Divide": [
        {
          "X": "1532",
          "Y": "857",
          "Z": "0",
          "Width": "300",
          "Height": "200"
        }
      ],
      "Crystal Cave Entrance": [
        {
          "X": "1176",
          "Y": "509",
          "Z": "0",
          "Width": "43",
          "Height": "13"
        }
      ],
      "Protected Island": [
        {
          "X": "1976",
          "Y": "101",
          "Z": "0",
          "Width": "472",
          "Height": "244"
        },
        {
          "X": "2051",
          "Y": "345",
          "Z": "0",
          "Width": "305",
          "Height": "37"
        },
        {
          "X": "2026",
          "Y": "345",
          "Z": "0",
          "Width": "25",
          "Height": "25"
        },
        {
          "X": "2069",
          "Y": "382",
          "Z": "0",
          "Width": "75",
          "Height": "14"
        },
        {
          "X": "2254",
          "Y": "382",
          "Z": "0",
          "Width": "98",
          "Height": "38"
        },
        {
          "X": "2222",
          "Y": "382",
          "Z": "0",
          "Width": "32",
          "Height": "20"
        }
      ],
      "Grand Arena": [
        {
          "X": "919",
          "Y": "622",
          "Z": "0",
          "Width": "43",
          "Height": "30"
        }
      ]
    }
  },
  "Tokuno": {
    "Towns": {
      "Zento": [
        {
          "X": "656",
          "Y": "1192",
          "Z": "0",
          "Width": "160",
          "Height": "128"
        },
        {
          "X": "674",
          "Y": "1203",
          "Z": "0",
          "Width": "25",
          "Height": "16"
        }
      ]
    },
    "Dungeons": {},
    "Guarded": {
      "Moongates": [
        {
          "X": "1167",
          "Y": "996",
          "Z": "0",
          "Width": "4",
          "Height": "4"
        },
        {
          "X": "799",
          "Y": "1201",
          "Z": "0",
          "Width": "6",
          "Height": "6"
        },
        {
          "X": "267",
          "Y": "625",
          "Z": "0",
          "Width": "7",
          "Height": "7"
        }
      ]
    },
    "Forest": {
      "Fan Dancer's Dojo": [
        {
          "X": "969",
          "Y": "194",
          "Z": "0",
          "Width": "23",
          "Height": "30"
        }
      ],
      "Bushido Dojo": [
        {
          "X": "283",
          "Y": "361",
          "Z": "0",
          "Width": "68",
          "Height": "102"
        }
      ]
    }
  }
}
